Supplementary Table 3. Full list of included studies and their publication information,,,,,
Study ID,PMID,Author name,Year,Title,Journal
1,35079124,Zhang et al.,2022,Peripheral immunity is associated with the risk of incident dementia,Mol Psychiatry
2,35527553,Fohner et al.,2022,Association of Peripheral Lymphocyte Subsets with Cognitive Decline and Dementia: The Cardiovascular Health Study,J Alzheimers Dis
3,37584418,Chen et al.,2023,Peripheral inflammatory biomarkers are associated with cognitive function and dementia: Framingham Heart Study Offspring cohort,Aging Cell
4,20847399,Gu et al.,2010,"Mediterranean diet, inflammatory and metabolic biomarkers, and risk of Alzheimer's disease",J Alzheimers Dis
5,36215071,Luo et al.,2022,Blood Leukocyte Counts in Alzheimer Disease,JAMA Netw Open
6,36083988,Fang et al.,2022,Association between inflammatory biomarkers and cognitive aging,PLoS One
7,17011077,Ravaglia et al.,2007,Blood inflammatory markers and risk of dementia: The Conselice Study of Brain Aging,Neurobiol Aging
8,37464278,Zhang et al.,2023,Association of a blood-based aging biomarker index with death and chronic disease: Cardiovascular Health Study,J Gerontol A Biol Sci Med Sci
9,15148142,Engelhart et al.,2004,Inflammatory proteins in plasma and the risk of dementia: the rotterdam study,Arch Neurol
10,34563836,Stebbins et al.,2021,"Immune function, cortisol, and cognitive decline & dementia in an aging latino population",Psychoneuroendocrinology
11,26891108,Ritche et al.,2016,The clinical picture of Alzheimer's disease in the decade before diagnosis: clinical and biomarker trajectories,J Clin Psychiatry
12,16269641,van Oijen et al.,2005,Fibrinogen is associated with an increased risk of Alzheimer disease and vascular dementia,Stroke
13,19542629,Sundelöf et al.,2009,Systemic inflammation and the risk of Alzheimer's disease and dementia: a prospective population-based study,J Alzheimers Dis
14,37467317,Walker et al.,2023,Proteomics analysis of plasma from middle-aged adults identifies protein markers of dementia risk in later life,Sci Transl Med
15,26673814,Hendrie et al.,2015,"Statin Use, Incident Dementia and Alzheimer Disease in Elderly African Americans",Ethn Dis
16,32557792,Thomas et al.,2020,Prospective longitudinal evaluation of cytokines in mild cognitive impairment due to AD and Lewy body disease,Int J Geriatr Psychiatry
17,31450497,Andre et al.,2019,"Lipopolysaccharide-Binding Protein, Soluble CD14, and the Long-Term Risk of Alzheimer's Disease: A Nested Case-Control Pilot Study of Older Community Dwellers from the Three-City Cohort",J Alzheimers Dis
18,34602472,Hao et al.,2021,Investigating Changes in the Serum Inflammatory Factors in Alzheimer's Disease and Their Correlation with Cognitive Function,J Alzheimers Dis
19,30927918,Willik et al.,2019,Balance between innate versus adaptive immune system and the risk of dementia: a population-based cohort study,J Neuroinflammation
20,37302029,Chou et al.,2023,The Association Between Neutrophil-Lymphocyte Ratio and Variability with New-Onset Dementia: A Population-Based Cohort Study,J Alzheimers Dis
21,17536046,Tan et al.,2007,Inflammatory markers and the risk of Alzheimer disease: the Framingham Study,Neurology
22,19245412,Kravitz et al.,2009,"High levels of serum C-reactive protein are associated with greater risk of all-cause mortality, but not dementia, in the oldest-old: results from The 90+ Study",J Am Geriatr Soc
23,28159467,Hsu et al.,2017,C-Reactive Protein Predicts Incidence of Dementia in an Elderly Asian Community Cohort,J Am Med Dir Assoc
24,30646251,Tao et al.,2018,Association of Chronic Low-grade Inflammation With Risk of Alzheimer Disease in ApoE4 Carriers,JAMA Netw Open
25,35172860,Fan et al.,2022,High sensitivity C-reactive protein and glycated hemoglobin levels as dominant predictors of all-cause dementia: a nationwide population-based cohort study,Immun Ageing
26,25138786,Chen et al.,2014,"Increased serum levels of interleukin-18, -23 and -17 in Chinese patients with Alzheimer's disease",Dement Geriatr Cogn Disord
27,34237731,Arshad et al.,2021,Role of Autoantibodies in Neurodegenerative Dementia: An Emerging Association,Dement Geriatr Cogn Disord
28,32860698,Baril et al.,2021,Systemic inflammation as a moderator between sleep and incident dementia,Sleep
29,24907904,Rembach et al.,2014,An increased neutrophil-lymphocyte ratio in Alzheimer's disease is a function of age and is weakly correlated with neocortical amyloid accumulation,J Neuroimmunol
30,19933496,O‘Bryant et al.,2010,Decreased C-reactive protein levels in Alzheimer disease,J Geriatr Psychiatry Neurol
31,36439057,Farina et al.,2022,Links between inflammation and immune functioning with cognitive status among older Americans in the Health and Retirement Study,Brain Behav Immun Health
32,32968032,Amin et al.,2020,Peripheral immunophenotype in dementia with Lewy bodies and Alzheimer's disease: an observational clinical study,J Neurol Neurosurg Psychiatry
33,34365256,Naudé et al.,2021,Serum and cerebrospinal fluid Neutrophil gelatinase-associated lipocalin (NGAL) levels as biomarkers for the conversion from mild cognitive impairment to Alzheimer's disease dementia,Neurobiol Aging
34,22801723,Soares et al.,2012,Plasma biomarkers associated with the apolipoprotein E genotype and Alzheimer disease,Arch Neurol
35,16814429,Speciale et al.,2007,Lymphocyte subset patterns and cytokine production in Alzheimer's disease patients,Neurobiol Aging
36,33016923,Duarte et al.,2020,Inflammation in Alzheimer's Disease: Do Sex and APOE Matter?,J Alzheimers Dis
37,31414991,Josje et al.,2020,The Association Between Circulating Inflammatory Markers and the Progression of Alzheimer Disease in Norwegian Memory Clinic Patients With Mild Cognitive Impairment or Dementia,Alzheimer Dis Assoc Disord
38,27019866,O‘Bryant et al.,2016,Comparing biological markers of Alzheimer's disease across blood fraction and platforms: Comparing apples to oranges,Alzheimers Dement (Amst)
39,22801742,Doecke et al.,2012,Blood-based protein biomarkers for diagnosis of Alzheimer disease,Arch Neurol
40,16817867,Rosa et al.,2006,Chitotriosidase and inflammatory mediator levels in Alzheimer's disease and cerebrovascular dementia,Eur J Neurosci
41,21167930,Saresella et al.,2011,Increased activity of Th-17 and Th-9 lymphocytes and a skewing of the post-thymic differentiation pathway are seen in Alzheimer's disease,Brain Behav Immun
42,35608965,Wang et al.,2022,"Nonalcoholic fatty liver disease, serum cytokines, and dementia among rural-dwelling older adults in China: A population-based study",Eur J Neurol
43,34324642,Lewis et al.,2021,Longitudinal associations between C-reactive protein and cognitive performance in normative cognitive ageing and dementia,Age Ageing
44,21116047,Eriksson et al.,2011,Associations of gene sequence variation and serum levels of C-reactive protein and interleukin-6 with Alzheimer's disease and dementia,J Alzheimers Dis
45,26599049,Sattlecker et al.,2016,Longitudinal Protein Changes in Blood Plasma Associated with the Rate of Cognitive Decline in Alzheimer's Disease,J Alzheimers Dis
46,16307829,Galimberti et al.,2006,Serum MCP-1 levels are increased in mild cognitive impairment and mild Alzheimer's disease,Neurobiol Aging
47,31047856,Morgan et al.,2019,Inflammatory biomarkers in Alzheimer's disease plasma,Alzheimers Dement
48,32289574,Abe et al.,2020,Influence of plasma cytokine levels on the conversion risk from MCI to dementia in the Alzheimer's disease neuroimaging initiative database,J Neurol Sci
49,22535710,Honma et al.,2013,Increased systemic inflammatory interleukin-1ß and interleukin-6 during agitation as predictors of Alzheimer's disease,Int J Geriatr Psychiatry
50,22437436,Uslu et al.,2012,"Levels of amyloid beta-42, interleukin-6 and tumor necrosis factor-alpha in Alzheimer's disease and vascular dementia",Neurochem Res
51,23978419,Yarchoan et al.,2013,Association of plasma C-reactive protein levels with the diagnosis of Alzheimer's disease,J Neurol Sci
52,12509851,Dekosky et al.,2002,Plasma and cerebrospinal fluid alpha1-antichymotrypsin levels in Alzheimer's disease: correlation with cognitive impairment,Ann Neurol
53,35465006,Lu et al.,2022,"Analysis of Correlation between Serum Inflammatory Factors and Cognitive Function, Language, and Memory in Alzheimer's Disease and Its Clinical Significance",Comput Math Methods Med
54,27215446,Hansi et al.,2017,"Peripheral cytokines, C-X-C motif ligand10 and interleukin-13, are associated with Malaysian Alzheimer's disease",Geriatr Gerontol Int
55,22272623,Reale et al.,2012,"Relationship between inflammatory mediators, Aβ levels and ApoE genotype in Alzheimer disease",Curr Alzheimer Res
56,27104907,Cestari et al.,2016,Oral Infections and Cytokine Levels in Patients with Alzheimer's Disease and Mild Cognitive Impairment Compared with Controls,J Alzheimers Dis
57,22133543,Helmy et al.,2012,Role of interleukin 6 and alpha-globulins in differentiating Alzheimer and vascular dementias,Neurodegener Dis
58,33313759,Yeung et al.,2021,Systemic inflammatory regulators and risk of Alzheimer's disease: a bidirectional Mendelian-randomization study,Int J Epidemiol
59,17986101,Rodríguez-Rodríguez et al.,2007,Serum levels and genetic variation of TGF-beta1 are not associated with Alzheimer's disease,Acta Neurol Scand
60,36384659,Huang et al.,2023,"Inflammatory Diseases, Inflammatory Biomarkers, and Alzheimer Disease: An Observational Analysis and Mendelian Randomization",Neurology
61,17123665,Desideri et al.,2008,Enhanced soluble CD40 ligand and Alzheimer's disease: evidence of a possible pathogenetic role,Neurobiol Aging
62,21252539,Mansoori et al.,2010,"IL-6-174 G/C and ApoE gene polymorphisms in Alzheimer's and vascular dementia patients attending the cognitive disorder clinic of the All India Institute of Medical Sciences, New Delhi",Dement Geriatr Cogn Disord
63,23762274,Leung et al.,2013,Inflammatory proteins in plasma are associated with severity of Alzheimer's disease,PLoS One
64,30993722,King et al.,2019,"Inflammation in mild cognitive impairment due to Parkinson's disease, Lewy body disease, and Alzheimer's disease",Int J Geriatr Psychiatry
65,30902060,Startin et al.,2019,"Plasma biomarkers for amyloid, tau, and cytokines in Down syndrome and sporadic Alzheimer's disease",Alzheimers Res Ther
66,12210786,Schmidt et al.,2002,Early inflammation and dementia: a 25-year follow-up of the Honolulu-Asia Aging Study,Ann Neurol
67,24635842,Zhang et al.,2014,Plasma amyloid-β oligomers and soluble tumor necrosis factor receptors as potential biomarkers of AD,Curr Alzheimer Res
68,3718071,Endo et al.,1986,HLA system in senile dementia of Alzheimer type and multi-infarct dementia in Japan,Arch Gerontol Geriatr
69,22279551,Bjorkqivst et al.,2012,Evaluation of a previously suggested plasma biomarker panel to identify Alzheimer's disease,PLoS One
70,24910016,Bu et al.,2015,A study on the association between infectious burden and Alzheimer's disease,Eur J Neurol
71,10713585,Mcllroy et al.,2000,Association of serum AACT levels and AACT signal polymorphism with late-onset Alzheimer's disease in Northern Ireland,Int J Geriatr Psychiatry
72,19638714,Ban et al.,2009,Increased plasma urotensin-II and carotid atherosclerosis are associated with vascular dementia,J Atheroscler Thromb
73,22922667,Kuyumcu et al.,2012,The evaluation of neutrophil-lymphocyte ratio in Alzheimer's disease,Dement Geriatr Cogn Disord
74,23368432,Bai et al.,2013,Elevated plasma levels of soluble TNFRs and TACE activity in Alzheimer's disease patients of Northern Han Chinese descent,Curr Alzheimer Res
75,31866854,Dong et al.,2019,Predictive Value of Routine Peripheral Blood Biomarkers in Alzheimer's Disease,Front Aging Neurosci
76,28421328,Bednarska-Makaruk et al.,2017,"Association of adiponectin, leptin and resistin with inflammatory markers and obesity in dementia",Biogerontology
77,30871733,Garfias et al.,2022,Peripheral blood lymphocyte phenotypes in Alzheimer and Parkinson's diseases,Neurologia (Engl Ed)
78,26725994,Miwa et al.,2016,"Interleukin-6, interleukin-6 receptor gene variant, small-vessel disease and incident dementia",Eur J Neurol
79,20930310,Diniz et al.,2010,Higher serum sTNFR1 level predicts conversion from mild cognitive impairment to Alzheimer's disease,J Alzheimers Dis
80,10408971,Lombardi et al.,1999,"Characterization of cytokine production, screening of lymphocyte subset patterns and in vitro apoptosis in healthy and Alzheimer's Disease (AD) individuals",J Neuroimmunol
81,Not in pubmed,Zhang et al.,2003,Levation of serum macrophage colony stimulating factor level in patients with alzheimer’s disease,Neurosci Res Commun
82,18430978,Oztürk et al.,2007,The diagnostic role of serum inflammatory and soluble proteins on dementia subtypes: correlation with cognitive and functional decline,Behav Neurol
83,22089638,Llano et al.,2012,Cerebrospinal fluid cytokine dynamics differ between Alzheimer disease patients and elderly controls,Alzheimer Dis Assoc Disord
84,15817002,Yamamoto et al.,2005,High prevalence of Chlamydia pneumoniae antibodies and increased high-sensitive C-reactive protein in patients with vascular dementia,J Am Geriatr Soc
85,16442186,Ciabattoni et al.,2007,Determinants of platelet activation in Alzheimer's disease,Neurobiol Aging
86,31335454,Cipollini et al.,2019,Neurovascular Dysfunction in Alzheimer Disease: Assessment of Cerebral Vasoreactivity by Ultrasound Techniques and Evaluation of Circulating Progenitor Cells and Inflammatory Markers,Alzheimer Dis Assoc Disord
87,33851590,Dubenko et al.,2021,"Levels of proinflammatory cytokines il-17 and il-23 in patients with alzheimer's disease, mild cognitive impairment and vascular dementia",Wiad Lek
88,21569380,Kim et al.,2011,Identification of peripheral inflammatory markers between normal control and Alzheimer's disease,BMC Neurol
89,22596080,Butchart et al.,2013,Male sex hormones and systemic inflammation in Alzheimer disease,Alzheimer Dis Assoc Disord
90,23254637,O’Bryant et al.,2013,The link between C-reactive protein and Alzheimer's disease among Mexican Americans,J Alzheimers Dis
91,2304653,Van Dujin et al.,1990,Serum levels of interleukin-6 are not elevated in patients with Alzheimer's disease,Neurosci Lett
92,29352259,Lee et al.,2018,Plasma MCP-1 and Cognitive Decline in Patients with Alzheimer's Disease and Mild Cognitive Impairment: A Two-year Follow-up Study,Sci Rep
93,32998767,Chua et al.,2020,Immunomodulatory sphingosine-1-phosphates as plasma biomarkers of Alzheimer's disease and vascular cognitive impairment,Alzheimers Res Ther
94,35523454,Weber et al.,2022,Peripheral sTREM2-Related Inflammatory Activity Alterations in Early-Stage Alzheimer's Disease,J Immunol
95,35842208,Koca et al.,2022,Decreased levels of cytokines implicate altered immune response in plasma of moderate-stage Alzheimer's disease patients,Neurosci Lett
96,29248892,King et al.,2018,Peripheral inflammation in prodromal Alzheimer's and Lewy body dementias,J Neurol Neurosurg Psychiatry
97,1432847,Dysken et al.,1992,Distribution of peripheral lymphocytes in Alzheimer patients and controls,J Psychiatr Res
98,18991685,Porcellini et al.,2008,Elevated plasma levels of alpha-1-anti-chymotrypsin in age-related cognitive decline and Alzheimer's disease: a potential therapeutic target,Curr Pharm Des
99,31658056,Boccardi et al.,2019,Cognitive Decline and Alzheimer's Disease in Old Age: A Sex-Specific Cytokinome Signature,J Alzheimers Dis
100,16600299,Zuliani et al.,2007,Plasma cytokines profile in older subjects with late onset Alzheimer's disease or vascular dementia,J Psychiatr Res
101,18835787,Ait-ghezal et al.,2008,"Diagnostic utility of APOE, soluble CD40, CD40L, and Abeta1-40 levels in plasma in Alzheimer's disease",Cytokine
102,24576746,Faria et al.,2014,Increased plasma levels of BDNF and inflammatory markers in Alzheimer's disease,J Psychiatr Res
103,24318929,Wang et al.,2014,The efficacy of plasma biomarkers in early diagnosis of Alzheimer's disease,Int J Geriatr Psychiatry
104,26444787,Agostini et al.,2016,Lack of evidence for a role of HHV-6 in the pathogenesis of Alzheimer's disease,J Alzheimers Dis
105,26515085,Dukic et al.,2016,"The role of human kallikrein 6, clusterin and adiponectin as potential blood biomarkers of dementia",Clin Biochem
106,28239640,Zhu et al.,2017,Serum IL-8 is a marker of white-matter hyperintensities in patients with Alzheimer's disease,Alzheimers Dement (Amst)
107,18996438,Buchhave et al.,2009,Elevated plasma levels of soluble CD40 in incipient Alzheimer's disease,Neurosci Lett
108,18037502,Bonotis et al.,2008,Systemic immune aberrations in Alzheimer's disease patients,J Neuroimmunol
109,18597785,Zuliani et al.,2008,Markers of endothelial dysfunction in older subjects with late onset Alzheimer's disease or vascular dementia,J Neurol Sci
110,19728317,Higuchi et al.,2009,Association between altered systemic inflammatory interleukin-1beta and natural killer cell activity and subsequently agitation in patients with Alzheimer disease,Int J Geriatr Psychiatry
111,20634592,Saresella et al.,2010,PD1 negative and PD1 positive CD4+ T regulatory cells in mild cognitive impairment and Alzheimer's disease,J Alzheimers Dis
112,23207486,Laske et al.,2013,Immune profiling in blood identifies sTNF-R1 performing comparably well as biomarker panels for classification of Alzheimer's disease patients,J Alzheimers Dis
113,21442044,Rosen et al.,2011,Discriminatory Analysis of Biochip-Derived Protein Patterns in CSF and Plasma in Neurodegenerative Diseases,Front Aging Neurosci
114,26379616,Delaby et al.,2015,Central Nervous System and Peripheral Inflammatory Processes in Alzheimer's Disease: Biomarker Profiling Approach,Front Neurol
115,27229914,Villarreal et al.,2016,Serum-based protein profiles of Alzheimer's disease and mild cognitive impairment in elderly Hispanics,Neurodegener Dis Manag
116,18930766,Lee et al.,2008,Bioplex analysis of plasma cytokines in Alzheimer's disease and mild cognitive impairment,Immunol Lett
117,31654714,Fraga et al.,2019,Inflammatory and Pro-resolving Mediators in Frontotemporal Dementia and Alzheimer's Disease,Neuroscience
118,9572596,Angelis et al.,1998,Serum interleukin-6 and interleukin-6 soluble receptor in Alzheimer's disease,Neurosci Lett
119,32705487,Conti et al.,2021,Serum DBI and biomarkers of neuroinflammation in Alzheimer's disease and delirium,Neurol Sci
120,32790155,Gu et al.,2020,Elevated matrix metalloproteinase-9 levels in neuronal extracellular vesicles in Alzheimer's disease,Ann Clin Transl Neurol
121,Not in pubmed,Hamdan et al.,2014,"The level of IL-1α, IL-10 and IL-17A in Alzheimer's disease patients: Comparative study",Baghdad Sci J
122,19767111,Kamer et al.,2009,TNF-alpha and antibodies to periodontal bacteria discriminate between Alzheimer's disease patients and normal subjects,J Neuroimmunol
123,26675645,Wu et al.,2015,Alterations of the Neuroinflammatory Markers IL-6 and TRAIL in Alzheimer's Disease,Dement Geriatr Cogn Dis Extra
124,15707465,Gupta et al.,2005,Coagulation and inflammatory markers in Alzheimer's and vascular dementia,Int J Clin Pract
125,12928051,Licastro et al.,2003,Interleukin-6 gene alleles affect the risk of Alzheimer's disease and levels of the cytokine in blood and brain,Neurobiol Aging
126,33577998,Fenoglio et al.,2004,The MCP-1 A-2518G polymorphism increases the risk of Alzheimer's disease: A case-control study,Neurosci Lett
127,35139899,Hou et al.,2022,"Association of peripheral immunity with cognition, neuroimaging, and Alzheimer's pathology",Alzheimers Res Ther
128,23023094,Llano et al.,2013,Evaluation of plasma proteomic data for Alzheimer disease state classification and for the prediction of progression from mild cognitive impairment to Alzheimer disease,Alzheimer Dis Assoc Disord
129,32630059,Scott et al.,2020,The Inflammasome Adaptor Protein ASC in Mild Cognitive Impairment and Alzheimer's Disease,Int J Mol Sci
130,12505423,De luigi et al.,2002,Peripheral inflammatory response in Alzheimer's disease and multiinfarct dementia,Neurobiol Dis
131,18283248,Baranowska et al.,2008,Plasma beta amyloid and cytokine profile in women with Alzheimer's disease,Neuro Endocrinol Lett
132,7728215,Altstiel et al.,1995,Elevated alpha 1-antichymotrypsin serum levels in a subset of nondemented first-degree relatives of Alzheimer's disease patients,Dementia
133,16569464,Alvarez et al.,2007,Serum TNF-alpha levels are increased and correlate negatively with free IGF-I in Alzheimer disease,Neurobiol Aging
134,24916542,Edwards et al.,2014,Combining select neuropsychological assessment with blood-based biomarkers to detect mild Alzheimer's disease: a molecular neuropsychology approach,J Alzheimers Dis
135,26170132,Schmitz et al.,2015,Cytokine profiles and the role of cellular prion protein in patients with vascular dementia and vascular encephalopathy,Neurobiol Aging
136,36882933,Zorkina et al.,2023,Inflammatory biomarkers and lipid metabolism parameters in women with mild cognitive impairment and dementia,Women Health
137,10674995,Licastro et al.,2000,"Increased plasma levels of interleukin-1, interleukin-6 and alpha-1-antichymotrypsin in patients with Alzheimer's disease: peripheral inflammation or signals from the brain?",J Neuroimmunol
138,23008797,Balldin et al.,2012,The Relation between Inflammation and Neuropsychological Test Performance,Int J Alzheimers Dis
139,28461186,Fan et al.,2017,APOE ε4 allele elevates the expressions of inflammatory factors and promotes Alzheimer's disease progression: A comparative study based on Han and She populations in the Wenzhou area,Brain Res Bull
140,21463871,Choi et al.,2011,Increased plasma levels of lipocalin 2 in mild cognitive impairment,J Neurol Sci
141,17761554,Nielsen et al.,2007,Plasma and CSF serpins in Alzheimer disease and dementia with Lewy bodies,Neurology
142,32678011,Liang et al.,2020,The role of interleukin-33 in patients with mild cognitive impairment and Alzheimer's disease,Alzheimers Res Ther
143,19395124,Marksteiner et al.,2011,Five out of 16 plasma signaling proteins are enhanced in plasma of patients with mild cognitive impairment and Alzheimer's disease,Neurobiol Aging
144,29039020,Magalhães et al.,2018,Systemic Inflammation and Multimodal Biomarkers in Amnestic Mild Cognitive Impairment and Alzheimer's Disease,Mol Neurobiol
145,7768042,Shalit et al.,1995,T lymphocyte subpopulations and activation markers correlate with severity of Alzheimer's disease,Clin Immunol Immunopathol
146,17949824,Motta et al.,2007,Altered plasma cytokine levels in Alzheimer's disease: correlation with the disease progression,Immunol Lett
147,17934323,Guerreiro et al. ,2007,Peripheral inflammatory cytokines as biomarkers in Alzheimer's disease and mild cognitive impairment,Neurodegener Dis
148,9325475,Kálmán et al.,1997,Serum interleukin-6 levels correlate with the severity of dementia in Down syndrome and in Alzheimer's disease,Acta Neurol Scand
149,35342094,Zhang et al.,2022,Peripheral Immune Cells and Cerebrospinal Fluid Biomarkers of Alzheimer's Disease Pathology in Cognitively Intact Older Adults: The CABLE Study,J Alzheimers Dis
150,1770834,Cacabelos et al.,1991,Interleukin-1 in Alzheimer's disease and multi-infarct dementia: neuropsychological correlations,Methods Find Exp Clin Pharmacol
151,8971699,Alvare et al.,1996,"Blood levels of histamine, IL-1 beta, and TNF-alpha in patients with mild to moderate Alzheimer disease",Mol Chem Neuropathol
152,21239851,Smith et al.,2011,Plasma fetuin-A is associated with the severity of cognitive impairment in mild-to-moderate Alzheimer's disease,J Alzheimers Dis
153,22539447,Parker et al.,2013,Plasma neopterin level as a marker of peripheral immune activation in amnestic mild cognitive impairment and Alzheimer's disease,Int J Geriatr Psychiatry
154,19996595,Forlenza et al.,2009,Increased serum IL-1beta level in Alzheimer's disease and mild cognitive impairment,Dement Geriatr Cogn Disord
155,24804776,Westman et al.,2014,Increased inflammatory response in cytomegalovirus seropositive patients with Alzheimer's disease,PLoS One
156,16516234,Richartz-Salzburger et al.,2007,Altered lymphocyte distribution in Alzheimer's disease,J Psychiatr Res
157,19513308,Choi et al.,2008,Multiplex analysis of cytokines in the serum and cerebrospinal fluid of patients with Alzheimer's disease by color-coded bead technology,J Clin Neurol
158,21484243,Corsi et al.,2011,Reduced plasma levels of P-selectin and L-selectin in a pilot study from Alzheimer disease: relationship with neuro-degeneration,Biogerontology
159,32505187,Saresella at al.,2020,IL-33 and its decoy sST2 in patients with Alzheimer's disease and mild cognitive impairment,J Neuroinflammation
160,33810505,"Chiurchiù
 et al.",2021,Anti-Inflammatory Effects of Fatty Acid Amide Hydrolase Inhibition in Monocytes/Macrophages from Alzheimer's Disease Patients,Biomolecules
161,8556481,Chao et al.,1994,Serum cytokine levels in patients with Alzheimer's disease,Clin Diagn Lab Immunol
162,10195318,Song et al.,1999,Alterations in immune functions during normal aging and Alzheimer's disease,Psychiatry Res
163,12928047,Teunissen et al.,2003,Combination of serum markers related to several mechanisms in Alzheimer's disease,Neurobiol Aging
164,24155977,Westman et al.,2013,Decreased proportion of cytomegalovirus specific CD8 T-cells but no signs of general immunosenescence in Alzheimer's disease,PLoS One
165,26738345,Kizilarslanoğlu et al.,2015,"Alzheimer disease, inflammation, and novel inflammatory marker: resistin",Turk J Med Sci
166,26337250,Bozluolcay et al.,2016,Inflammatory hypothesis as a link between Alzheimer's disease and diabetes mellitus,Geriatr Gerontol Int
167,29420357,Nikolaos et al.,2018,Acetyl Cholinesterase Inhibitors and Cell-Derived Peripheral Inflammatory Cytokines in Early Stages of Alzheimer's Disease,J Clin Psychopharmacol
168,26828804,Savas at al.,2016,"No relationship between lipoprotein-associated phospholipase A2, proinflammatory cytokines, and neopterin in Alzheimer's disease",Exp Gerontol
169,23874844,Maftei et al.,2013,Increased levels of antigen-bound β-amyloid autoantibodies in serum and cerebrospinal fluid of Alzheimer's disease patients,PLoS One
170,26706786,Yu et al.,2016,Diagnostic utility of VEGF and soluble CD40L levels in serum of Alzheimer's patients,Clin Chim Acta
171,16961066,Malaguarrnera et al.,2006,Interleukin-18 and transforming growth factor-beta 1 plasma levels in Alzheimer's disease and vascular dementia,Neuropathology
172,29915582,Oberstein et al.,2018,Imbalance of Circulating Th17 and Regulatory T Cells in Alzheimer's Disease: A Case Control Study,Front Immunol
173,36349985,Huang et al.,2023,Leukocyte surface biomarkers implicate deficits of innate immunity in sporadic Alzheimer's disease,Alzheimers Dement
174,10462168,Bruunsgaard et al.,1999,A high plasma concentration of TNF-alpha is associated with dementia in centenarians,J Gerontol A Biol Sci Med Sci
175,21466745,Laske et al.,2011,Identification of a blood-based biomarker panel for classification of Alzheimer's disease,Int J Neuropsychopharmacol
176,23948885,Gezen-Ak et al.,2013,"BDNF, TNFα, HSP90, CFH, and IL-10 serum levels in patients with early or late onset Alzheimer's disease or mild cognitive impairment",J Alzheimers Dis
177,26004156,Dursun et al.,2015,"The interleukin 1 alpha, interleukin 1 beta, interleukin 6 and alpha-2-macroglobulin serum levels in patients with early or late onset Alzheimer's disease, mild cognitive impairment or Parkinson's disease",J Neuroimmunol
178,8532107,Lieberman et al.,1995,Serum alpha 1-antichymotrypsin level as a marker for Alzheimer-type dementia,Neurobiol Aging
179,11378247,Scacchi et al.,2001,Plasma alpha1-antichymotrypsin in Alzheimer's disease; relationships with APOE genotypes,Neurobiol Aging
180,12059070,Scacchi et al.,2002,Alpha2-macroglobulin deletion polymorphism and plasma levels in late onset Alzheimer's disease,Clin Chem Lab Med
181,18378357,Schuitemaker et al.,2009,Inflammatory markers in AD and MCI patients with different biomarker profiles,Neurobiol Aging
182,34331157,Kara et al.,2022,Investigation of the peripheral inflammation (neutrophil-lymphocyte ratio) in two neurodegenerative diseases of the central nervous system,Neurol Sci
183,35922871,Prins et al.,2022,Inflammatory plasma biomarkers in subjects with preclinical Alzheimer's disease,Alzheimers Res Ther
184,23871825,Gubandru et al.,2013,Alzheimer's disease treated patients showed different patterns for oxidative stress and inflammation markers,Food Chem Toxicol
185,12928049,Sala et al.,2003,Peripheral cytokine release in Alzheimer patients: correlation with disease severity,Neurobiol Aging
186,18937113,Angelopoulos et al.,2008,Cytokines in Alzheimer's disease and vascular dementia,Int J Neurosci
187,8939278,Licastro et al.,1996,Serological alpha 1-antichymotrypsin in patients with probable senile dementia of Alzheimer type: a short-term longitudinal study,Alzheimer Dis Assoc Disord
188,27802234,Crispoltoni et al.,2017,Changes in Plasma β-NGF and Its Receptors Expression on Peripheral Blood Monocytes During Alzheimer’s Disease Progression,Biomed Res Int
189,Not in pubmed,Monte et al.,2017,Altered Serum and Cerebrospinal Fluid Inflammatory Cascades in Mild Cognitive Impairment and Alzheimer’s Disease,J Neuroinflammation
190,35950445,Galgani et al.,2022,Biological determinants of blood-based cytokines in the Alzheimer's disease clinical continuum,J Neurochem
191,9447570,Singh et al.,1997,Circulating cytokines in Alzheimer's disease,J Psychiatr Res
192,22303443,Westin et al.,2012,CCL2 is associated with a faster rate of cognitive decline during early stages of Alzheimer's disease,PLoS One
193,27671345,Hesse et al.,2016,Decreased IL-8 levels in CSF and serum of AD patients and negative correlation of MMSE and IL-1β,BMC Neurol
194,1950471,Araga et al.,1991,Reduced natural killer cell activity in patients with dementia of the Alzheimer type,Acta Neurol Scand
195,7487688,Hu et al.,1995,Peripheral blood lymphocyte subset distribution and function in patients with Alzheimer's disease and other dementias,Aust N Z J Med
196,15992563,Richartz et al.,2005,Decline of immune responsiveness: a pathogenetic factor in Alzheimer's disease?,J Psychiatr Res
197,15677865,Richartz et al.,2005,Diminished production of proinflammatory cytokines in patients with Alzheimer's disease,Dement Geriatr Cogn Disord
198,16688597,Rota et al.,2006,"Increased intrathecal TGF-beta1, but not IL-12, IFN-gamma and IL-10 levels in Alzheimer's disease patients",Neurol Sci
199,18690833,Kassner et al.,2008,Novel systemic markers for patients with Alzheimer disease? - a pilot study,Curr Alzheimer Res
200,23585364,Richardson et al.,2013,Blood pro-inflammatory cytokines in Alzheimer's disease in relation to the use of acetylcholinesterase inhibitors,Int J Geriatr Psychiatry
201,23515357,Biella et al.,2013,Multiplex assessment of a panel of 16 serum molecules for the differential diagnosis of Alzheimer's disease,Am J Neurodegener Dis
202,35708851,Sochocka et al.,2022,Sex Differences in Innate Immune Response of Peripheral Blood Leukocytes of Alzheimer's Disease Patients,Arch Immunol Ther Exp (Warsz)
203,1927262,Esumi et al.,1991,Serum interleukin-2 levels in patients with dementia of the Alzheimer type,Acta Neurol Scand
204,12218645,Borroni et al.,2002,Peripheral blood abnormalities in Alzheimer disease: evidence for early endothelial dysfunction,Alzheimer Dis Assoc Disord
205,32649324,Tramutola et al.,2018,Value of a Panel of 6 Serum Biomarkers to Differentiate Between Healthy Controls and Mild Cognitive Impairment Due to Alzheimer Disease,Alzheimer Dis Assoc Disord
206,31217537,Ciccocioppo et al.,2019,The Characterization of Regulatory T-Cell Profiles in Alzheimer's Disease and Multiple Sclerosis,Sci Rep
207,2690117,Matsubara et al.,1989,Serum concentration of alpha 1-antichymotrypsin is elevated in patients with senile dementia of the Alzheimer type,Prog Clin Biol Res
208,2147546,Matsubara et al.,1990,Alpha 1-antichymotrypsin as a possible biochemical marker for Alzheimer-type dementia,Ann Neurol
209,1564514,Pirttila et al.,1992,The decrease of CD8-positive lymphocytes in Alzheimer's disease,J Neurol Sci
210,9194954,Hamepl et al.,1997,Blood-cerebrospinal fluid barrier dysfunction for high molecular weight proteins in Alzheimer disease and major depression: indication for disease subsets,Alzheimer Dis Assoc Disord
211,9825023,Bonaccorso et al.,1998,Serotonin-immune interactions in elderly volunteers and in patients with Alzheimer's disease (DAT): lower plasma tryptophan availability to the brain in the elderly and increased serum interleukin-6 in DAT,Aging (Milano)
212,17827418,Rentzos et al.,2007,Circulating interleukin-15 in dementia disorders,J Neuropsychiatry Clin Neurosci
213,19809863,Lepara et al.,2009,Elevated serum homocysteine level is not associated with serum C-reactive protein in patients with probable Alzheimer's disease,J Neural Transm (Vienna)
214,23230229,Huang et al.,2013,Potential blood biomarker for disease severity in the Taiwanese population with Alzheimer's disease,Am J Alzheimers Dis Other Demen
215,29369398,Dong et al.,2018,Neutrophil hyperactivation correlates with Alzheimer's disease progression,Ann Neurol
216,23242124,Alsadany et al.,2013,"Histone deacetylases enzyme, copper, and IL-8 levels in patients with Alzheimer's disease",Am J Alzheimers Dis Other Demen
217,23201485,Salani et al.,2013,Increased expression of interleukin-18 receptor in blood cells of subjects with mild cognitive impairment and Alzheimer's disease,Cytokine
218,24333505,Marksteiner et al.,2014,Analysis of 27 vascular-related proteins reveals that NT-proBNP is a potential biomarker for Alzheimer's disease and mild cognitive impairment: a pilot-study,Exp Gerontol
219,28130814,Kim et al.,2017,Serum tumour necrosis factor-α and interleukin-6 levels in Alzheimer's disease and mild cognitive impairment,Psychogeriatrics
220,21875409,Hochstress et al.,2012,Matrix metalloproteinase-2 and epidermal growth factor are decreased in platelets of Alzheimer patients,Curr Alzheimer Res 
221,6982128,Macdonald et al.,1982,Immunological parameters in the aged and in Alzheimer's disease,Clin Exp Immunol
222,25277040,Lueg et al.,2015,Clinical relevance of specific T-cell activation in the blood and cerebrospinal fluid of patients with mild Alzheimer's disease,Neurobiol Aging
223,11992567,Shibata et al.,2002,Effect of IL-6 polymorphism on risk of Alzheimer disease: genotype-phenotype association study in Japanese cases,Am J Med Genet
224,18841009,Nilsson et al.,2008,C-reactive protein: vascular risk marker in elderly patients with mental illness,Dement Geriatr Cogn Disord
225,36613538,Giacconi et al.,2022,"Bacterial DNAemia in Alzheimer's Disease and Mild Cognitive Impairment: Association with Cognitive Decline, Plasma BDNF Levels, and Inflammatory Response",Int J Mol Sci
226,37250565,Evlice et al.,2023,The importance of Vitamin-D and Neutrophil-Lymphocyte Ratio for Alzheimer's Disease,Pak J Med Sci
227,26283879,Song et al.,2015,Relationship between the hs-CRP as non-specific biomarker and Alzheimer's disease according to aging process,Int J Med Sci
228,3487743,Small et al.,1986,HLA-A2 as a possible marker for early-onset Alzheimer disease in me,Neurobiol Aging
229,9405000,Kira et al.,1997,An association of human T-cell lymphotropic virus type I infection with vascular dementia,Acta Neurol Scand
230,15843049,Lindberg et al.,2005,"Soluble interleukin-1 receptor type II, IL-18 and caspase-1 in mild cognitive impairment and severe Alzheimer's disease",Neurochem Int
231,25408215,Bulati et al.,2015,Double negative (IgG+IgD-CD27-) B cells are increased in a cohort of moderate-severe Alzheimer's disease patients and show a pro-inflammatory trafficking receptor phenotype,J Alzheimers Dis
232,19494434,Larbi et al.,2009,Dramatic shifts in circulating CD4 but not CD8 T cell subsets in mild Alzheimer's disease,J Alzheimers Dis
233,2452738,Giometto et al.,1988,Acute-phase proteins in Alzheimer's disease,Eur Neurol
234,30071285,Kilic et al.,2018,"Specific alterations in the circulating levels of the SIRT1, TLR4, and IL7 proteins in patients with dementia",Exp Gerontol
235,14665714,Armanini et al.,2000,"Alzheimer's disease: pathophysiological implications of measurement of plasma cortisol, plasma dehydroepiandrosterone sulfate, and lymphocytic corticosteroid receptors",Endocrine
236,17124644,Schindowski et al.,2006,Apoptosis of CD4+ T and natural killer cells in Alzheimer's disease,Pharmacopsychiatry
237,32441872,D'Angelo et al.,2020,Exploratory study on immune phenotypes in Alzheimer's disease and vascular dementia,Eur J Neurol
238,36437994,Wang et al.,2022,The relationship between Alzheimer's disease and intestinal microflora structure and inflammatory factors,Front Aging Neurosci
239,18992723,Yang et al.,2009,Expression and genetic analysis of tumor necrosis factor-alpha (TNF-alpha) G-308A polymorphism in sporadic Alzheimer's disease in a Southern China population,Brain Res
240,11236825,Licastro et al.,2001,Alpha-1-antichymotrypsin and oxidative stress in the peripheral blood from patients with probable Alzheimer disease: a short-term longitudinal study,Alzheimer Dis Assoc Disord
241,17917159,Zaciragic et al.,2007,Elevated serum C-reactive protein concentration in Bosnian patients with probable Alzheimer's disease,J Alzheimers Dis
242,21633502,Bigalke et al.,2011,Adipocytokines and CD34 progenitor cells in Alzheimer's disease,PLoS One
243,21729423,Rasmuson et al.,2011,Increased serum levels of dehydroepiandrosterone (DHEA) and interleukin-6 (IL-6) in women with mild to moderate Alzheimer's disease,Int Psychogeriatr
244,17388976,Galimbert et al.,2007,IP-10 serum levels are not increased in mild cognitive impairment and Alzheimer's disease,Eur J Neurol
245,1683096,Ikeda et al.,1991,Interleukin-2 receptor in peripheral blood lymphocytes of Alzheimer's disease patients,Acta Psychiatr Scand
246,7936055,Pirttila et al.,1994,Alpha 1-antichymotrypsin and IL-1 beta are not increased in CSF or serum in Alzheimer's disease,Neurobiol Aging
247,11268360,Solerte et al.,2000,Overproduction of IFN-gamma and TNF-alpha from natural killer (NK) cells is associated with abnormal NK reactivity and cognitive derangement in Alzheimer's disease,Ann N Y Acad Sci
248,11240564,Tarkowski et al.,2001,Local and systemic GM-CSF increase in Alzheimer's disease and vascular dementia,Acta Neurol Scand
249,11589916,De Luigi et al.,2001,Inflammatory markers in Alzheimer's disease and multi-infarct dementia,Mech Ageing Dev
250,11893840,Richartz et al.,2002,Increased serum levels of CD95 in Alzheimer's disease,Dement Geriatr Cogn Disord
251,12664314,Bagli et al.,2003,Polymorphisms of the gene encoding the inflammatory cytokine interleukin-6 determine the magnitude of the increase in soluble interleukin-6 receptor levels in Alzheimer's disease. Results of a pilot study,Eur Arch Psychiatry Clin Neurosci
252,14512725,Dziedzic et al.,2003,Dexamethasone inhibits TNF-alpha synthesis more effectively in Alzheimer's disease patients than in healthy individuals,Dement Geriatr Cogn Disord
253,15533994,Rezento et al.,2004,Serum levels of soluble intercellular adhesion molecule-1 and soluble endothelial leukocyte adhesion molecule-1 in Alzheimer's disease,J Geriatr Psychiatry Neurol
254,16783499,Yasutake et al.,2006,"Serum BDNF, TNF-alpha and IL-1beta levels in dementia patients: comparison between Alzheimer's disease and vascular dementia",Eur Arch Psychiatry Clin Neurosci
255,19766699,Davis et al.,2009,"Sialic acid, homocysteine and CRP: potential markers for dementia",Neurosci Lett
256,20167378,Geppert et al.,2010,CCL3 correlates with the number of mood disturbances and personality changes in patients with Alzheimer's disease,Psychiatry Res
257,22264991,Chen et al.,2012,Elevation of serum TNF-α levels in mild and moderate Alzheimer patients with daytime sleepiness,J Neuroimmunol
258,23380586,Zhang et al.,2013,Systemic immune system alterations in early stages of Alzheimer's disease,J Neuroimmunol
259,23576854,Sun et al.,2013,Elevated osteopontin levels in mild cognitive impairment and Alzheimer's disease,Mediators Inflamm
260,3155531,Leffell et al.,1985,An analysis of T lymphocyte subpopulations in patients with Alzheimer's disease,J Am Geriatr Soc
261,24405824,Fukasawa et al.,2014,Elevated inflammatory markers in diabetes-related dementia,Geriatr Gerontol Int
262,18367253,Bermejo et al.,2008,Differences of peripheral inflammatory markers between mild cognitive impairment and Alzheimer's disease,Immunol Lett
263,Not in pubmed,Kim et al.,2015,Differences in C-reactive Protein Level in Patients with Alzheimer’s Disease and Mild Cognitive Impairment,J Psychiatry 
264,29966192,Bartos et al.,2018,Lower Serum Antibodies Against Tau Protein and Heavy Neurofilament in Alzheimer's Disease,J Alzheimers Dis
265,8164471,Cacabelos et al.,1994,Serum tumor necrosis factor (TNF) in Alzheimer's disease and multi-infarct dementia,Methods Find Exp Clin Pharmacol
266,8780841,Lawlor et al.,1996,Acute phase reactants in Alzheimer's disease,Biol Psychiatry
267,9370085,Licastro et al.,1997,Monomeric and polymeric forms of alpha-1 antichymotrypsin in sera from patients with probable late onset Alzheimer's disease,Dement Geriatr Cogn Disord
268,10504008,Maes et al.,1999,Inflammatory markers in younger vs elderly normal volunteers and in patients with Alzheimer's disease,J Psychiatr Res
269,10369114,Leblhuber et al.,1999,Increased serum neopterin concentrations in patients with Alzheimer's disease,Clin Chem Lab Med
270,11186601,Hull et al.,2000,Elevated plasma neopterin levels in Alzheimer disease,Alzheimer Dis Assoc Disord
271,12175481,De Servi et al.,2002,Decrease of TGF-beta1 plasma levels and increase of nitric oxide synthase activity in leukocytes as potential biomarkers of Alzheimer's disease,Exp Gerontol
272,15501026,Mocali et al.,2004,"Increased plasma levels of soluble CD40, together with the decrease of TGF beta 1, as possible differential markers of Alzheimer disease",Exp Gerontol
273,17988833,Bossu et al.,2008,Interleukin-18 produced by peripheral blood cells is increased in Alzheimer's disease and correlates with cognitive impairment,Brain Behav Immun
274,19329192,Avagyan et al.,2009,Immune blood biomarkers of Alzheimer disease patients,J Neuroimmunol
275,19836632,Mancinella et al,2009,Is there a relationship between high C-reactive protein (CRP) levels and dementia?,Arch Gerontol Geriatr
276,23432970,Porcellini et al.,2013,Monocyte chemoattractant protein-1 promoter polymorphism and plasma levels in alzheimer's disease,Immun Ageing
277,25720398,Le Page et al.,2015,NK Cells are Activated in Amnestic Mild Cognitive Impairment but not in Mild Alzheimer's Disease Patients,J Alzheimers Dis
278,26402766,Busse et al.,2015,"Expression of HLA-DR, CD80, and CD86 in Healthy Aging and Alzheimer's Disease",J Alzheimers Dis
279,6631444,Alafuzoff et al.,1983,"Albumin and immunoglobulin in plasma and cerebrospinal fluid, and blood-cerebrospinal fluid barrier function in patients with dementia of Alzheimer type and multi-infarct dementia",J Neurol Sci
280,24831467,Belkhelfa et al.,2014,IFN-γ and TNF-α are involved during Alzheimer disease progression and correlate with nitric oxide production: a study in Algerian patients,J Interferon Cytokine Res
281,3522239,Alafuzoff et al.,1986,Isoelectric focusing and two-dimensional gel electrophoresis in plasma and cerebrospinal fluid from patients with dementia,Eur Neurol
282,1745413,Fillit et al.,1991,Elevated circulating tumor necrosis factor levels in Alzheimer's disease,Neurosci Lett
283,22026253,Cojocaru et al. ,2011,Study of interleukin-6 production in Alzheimer's disease,Rom J Intern Med
284,26142708,Busse et al.,2015,VGF expression by T lymphocytes in patients with Alzheimer's disease,Oncotarget
285,28386987,Kalelioglu et al.,2017,"Neutrophil and platelet to lymphocyte ratios in people with subjective, mild cognitive impairment and early Alzheimer's disease",Psychogeriatrics
286,32474469,Chen et al.,2020,Proteomic Profiling of Plasma and Brain Tissue from Alzheimer's Disease Patients Reveals Candidate Network of Plasma Biomarkers,J Alzheimers Dis
Footnote: Stuides were ordered by total quality assessment score.,,,,,